id,verse_text,label
0,with pale blue berries. in these peaceful shades--,1
1,"it flows so long as falls the rain,",2
2,"and that is why, the lonesome day,",0
3,"when i peruse the conquered fame of heroes, and the victories of mighty generals, i do not envy the generals,",3
4,of inward strife for truth and liberty.,3
5,the red sword sealed their vows!,3
6,and very venus of a pipe.,2
7,"who the man, who, called a brother.",2
8,"and so on. then a worthless gaud or two,",0
9,to hide the orb of truth--and every throne,2
10,the call's more urgent when he journeys slow.,2
11,with the _quart d'heure_ of rabelais!,2
12,"and match, and bend, and thorough-blend, in her colossal form and face.",2
13,have i played in different countries.,2
14,"tells us that the day is ended.""",2
15,and not alone by gold;,2
16,that has a charmingly bourbon air.,1
17,"sounded o'er earth and sea its blast of war,",0
18,chief poet on the tiber-side,2
19,"as under a sunbeam a cloud ascends,",2
20,"brightly expressive as the twins of leda,",1
21,"of night, and all things now retir'd to rest",2
22,in latmian fountains long ago.,2
23,in monumental pomp! no grecian drop,1
24,"and when they reached the house,",2
25,"then this old orchard, sloping to the west;",2
26,so prythee get thee gone.,2
27,the other dark-eyed dears,2
28,me honied paths forsake;,2
29,to that mysterious strand.,2
30,wid a song up on de way.,2
31,"her visions and those we have seen,--",2
32,he sat beside the governor and said grace;,2
33,fifty times the brahmins' offer deluged all the floor.,2
34,and what are all the prizes won,2
35,made snow of all the blossoms; at my feet,2
36,"he never told us what he was,",2
37,"want and woe, which torture us,",0
38,"a ruby, and a pearl, or so,",2
39,"an echo returned on the cold gray morn,",0
40,"he says he’s hungry,—he would rather have",2
41,"while i, ... i built up follies like a wall",0
42,"and then he shut his little eyes,",2
43,"ah, what a pang of aching sharp surprise",0
44,"and gladys said,",2
45,"peep timidly from out its nest,",2
46,the oriole's fledglings fifty times,2
47,the hostile cohorts melt away;,3
48,"and the old swallow-haunted barns,--",0
49,"from god's design, with threads of rain!",2
50,"how over, though, for even me who knew",2
51,"warped into adamantine fretwork, hung",2
52,wilt thou forget the love that joined us here?,2
53,"the which she bearing home it burned her nest,",0
54,have roughened in the gales!,2
55,"pilgrim and soldier, saint and sage,",2
56,down in the west upon the ocean floor,2
57,"""what did you hear, for instance?"" willis said.",2
58,should favour equal to the sons of heaven:,2
59,"some, not so large, in rings,--",2
60,"the crown of sorrow on their heads, their loss",0
61,"the eternal law,",2
62,and lips where heavenly smiles would hang and blend,1
63,"we're a band!"" said the weary big dragoon.",2
64,fu' to ba' de battle's brunt.,2
65,"and brief related whom they brought, wher found,",2
66,i lay and watched the lonely gloom;,0
67,honour to the bugle-horn!,1
68,"a sceptre,--monstrous, winged, intolerable.",0
69,"max laid his hand upon the old man's arm,",2
70,"when on the boughs the purple buds expand,",2
71,if the pure and holy angels,1
72,endymion would have passed across the mead,2
73,upon the thought of perfect noon. and when,1
74,thy hands all cunning arts that women prize.,1
75,"reasoning to admiration, and with mee",1
76,while the rude winds blow off each shadowy crown.,0
77,"the former, as the slacken’d reins he drew",2
78,"she falls back from the freedom she had hoped.""",2
79,"then--i would gather it, to thee unaware,",2
80,"amidst the gold and the purple, and the pillows of his bed:",2
81,"all hastening onward, yet none seemed to know",2
82,the wheat-blade whispers of the sheaf.,2
83,"but o, nevermore can we prison him tight.",0
84,"under these leafy vaults and walls,",2
85,"(distinctly here the spirit sneezed,)",2
86,it shines superior on a throne of gold:,1
87,around it cling.,2
88,"may meditate a whole youth's loss,",0
89,"i'm safe enlisted fer the war,",2
90,"whom phoebus taught unerring prophecy,",2
91,"when thee, the eyes of that harsh long ago",0
92,"flutter,",2
93,a way that safely will my passage guide.”,2
94,and breaths were gathering sure,2
95,"you have done this, says one judge; done that, says another;",2
96,in their archetypes endure.,2
97,"returne, the starres of morn shall see him rise",2
98,"brown-gabled, long, and full of seams",2
99,"the foes inclosing, and his friend pursued,",0
100,the tribute of this verse.,2
101,"take the warm welcome of new friends with thee,",1
102,"augmented, sweet, a hundred fold",1
103,in some lady's gyahden.,2
104,and bow to dread inquisitor and worship lords of dust;,0
105,its temples and its palaces did seem,2
106,"but i, or any demmercrat, feels comf'table to stan' on,",2
107,"miles off, three dangerous miles, is home;",0
108,every day a rich reward will give;,1
109,"else, suffer’d, it will set the heart on fire,",0
110,"who, never looking forward, are indeed",2
111,gay little heart!,1
112,"while from his hand i squeeze the golden prize,",2
113,"among the sources of thy glorious streams,",1
114,as when i read in god's own holy book.,2
115,"and while before me, spotted with white sails,",2
116,yet that whip's name too noble,2
117,"i'm comin', ed.",2
118,"what gods, what madness, hither steer’d your course?",0
119,"and raised their eyes above,",2
120,it spoils me for the smiling of the rest’—,1
121,"yearns to its source. the spirit thirsts for god,",2
122,that wisdom's lips seemed borrowing friendship's heart.,1
123,the oil upon the puddles dries,2
124,snows hide his shoulders; from beneath his chin,2
125,when the glance hast lost its beam;,0
126,"best gems of nature's cabinet,",1
127,"as round some giant hive, all day and night,",2
128,"whether they met on festal eve, in field,",2
129,"who cometh over the hills,",2
130,"in the shadow of the shores; as dead leaves wake,",0
131,touch it: the marble eyelids are not wet--,2
132,"oh, say, is he, the eternal, there?",2
133,the blessed memory of thy worth,1
134,"from his own tripod, and his holy tree;",2
135,i sate down beneath the beech,2
136,a million torches lighted by thy hand,1
137,thy sleep makes ridiculous.,0
138,whose potent unity and concentric force,1
139,of peace? it is thy father's name. thy life,2
140,"now, if thou art a poet, tell me not",2
141,"who stood in expectation by,",2
142,"mine eyes were of their madness half beguiled,",0
143,"jes heavy 'nough to turn a scale thet's doubtfle the wrong way,",2
144,you sha' n't roll yo' eyes at me.,0
145,case dey nevah tech a drouf.,2
146,it will be spring again.,2
147,"mine are calm and tranquil days,",1
148,sang as little children sing;,2
149,the things it wrought on; i believe,2
150,"from flight, seditious angel, to receave",0
151,"what once has been and ne'er shall be again,",2
152,"sky, marsh, my soul, and yonder sail.",2
153,"thy merited reward, the first assay",1
154,"except in france; and when it’s found in france,",2
155,for the greek must ask elsewhere.,2
156,whose anvil's even din,2
157,"that truthful teacup, our dictator, knows;",2
158,when hills are free from snow,2
159,"uttering bare truth, even so as foes commend.",1
160,"endu'd with human voice and human sense,",2
161,whatever anybody had,2
162,"is passed, and our aereal speed suspended.",2
163,"afar the melancholy thunder moaned,",0
164,"their hate, and selfishness, and pride!",0
165,"i would don my hose of homespun gray,",2
166,an hundred silken cords are set,2
167,i have lost the urban ways.,2
168,"and sorrowful to-day, thy children set",0
169,"or by some cabin door, a bush",2
170,was freedom's home or glory's grave!,3
171,save for a cry that echoes shrill,0
172,"with its close-curling gold, and love revived.",1
173,a golden helm his front and head surrounds,2
174,"but, through the war-cloud, pray to thee",3
175,"swing, like a ship at anchor, roun' my base,",2
176,for peace or rest too well he saw,2
177,from her stately place on high.,1
178,that passed with you and me.--,2
179,sweet hope!,1
180,"for high, and yet more high, the murmurs swell",2
181,"let those whom nature hath not made for store,",2
182,"said, `pass not, so cold, these manifold",2
183,the adulterate death of lucrece and her groom.,0
184,whilst this....,2
185,"""the snow that husheth all,",2
186,"then pausing, thus his prophecy renews:",2
187,to accomplish suicide.,0
188,early or late? or shall that commonwealth,2
189,"he plays a little, sings a song,",2
190,"each by his fiery torture howl and rave,",0
191,"and twitter, and again are still.",2
192,my daily thoughts perpetual converse held,2
193,"yon trunk had thrice a hundred rings,",2
194,is lovely round; a beautiful river there,1
195,"take heed (dear heart) of this large privilege,",1
196,at once comes tumbling down the rocky wall;,0
197,"sat mournfully guarding their corpses there,",0
198,low in supplication bending.,2
199,twas when you stole my maidenhead;,0
200,"""sorry?  of course you are, though you compress,",2
201,i would not live alway,2
202,"the king ordains their entrance, and ascends",1
203,very sleepy with the silence.,2
204,which clanged along the mountain's marble brow--,2
205,"it steam in winter like an ox's breath,",2
206,"in prosperous days. like a dim, waning lamp",3
207,jarr'd his own golden region; and before,2
208,"flood his black hearthstone till its flames expire,",0
209,when high i heap it with the weed,2
210,the climax of those hopes and duties dear,1
211,wait his returning strength.,2
212,"strove to raise itself in blessing,",1
213,nile shall pursue his changeless way:,2
214,i must be home by noon-time with the cart.',2
215,both the unseen and the seen;,2
216,the poet comes the last!,2
217,with many sighs;,2
218,"where, all the long and lone daylight,",2
219,full of the calm that cometh after sleep:,1
220,"men said, into a smile which guile portended,",0
221,"still sigurd rides with the brethren, as oft in the other days,",2
222,was she not somewhat that he could not rule,2
223,"gnossian his shafts, and lycian was his bow:",2
224,"you didn't stop for fuss,--",2
225,"deaf, and dumb, and blind, and cold,",0
226,i'm here--so far--and starting on again.,2
227,"a different man was brother timothy,",2
228,see! neptune’s altars minister their brands:,2
229,"to match your wit against the maker's will,",2
230,"absently fingering and touching it,",2
231,three hours the first november dawn,2
232,ran ever clearer speech than that did run,1
233,"""i say it's someone passing.""",2
234,"the visual nerve is withered to the root,",0
235,"""what hope wouldst thou hope, o sigurd, ere we kiss, we twain, and depart?""",3
236,"there is nothing to hope for, i am tired,",0
237,"i left the place with all my might, --",2
238,"let dat cradle swing,",2
239,he has no calling and he owns no trade.,2
240,"as they were loosened by that hermit old,",2
241,"then rose they up around him,",2
242,but because she stept to her star right on through death,3
243,an' see a hundred hills like islan's,2
244,and i am still the same;,2
245,misnames as the dog rosey now.,2
246,have seen the danger which i dared not look,0
247,"and hoping chink, she talked of morts of luck:",2
248,"the meadows mine, the mountains mine, --",2
249,since ferdinand and you begun,2
250,i'm always thinkin' long.,2
251,"ho! philip, send, for charity, thy mexican pistoles,",2
252,on to their shining goals:--,1
253,glory might burst on us!,1
254,"what's de use o' gittin' mopy,",2
255,"yet by experience taught we know how good,",2
256,all foredoomed to melt away;,0
257,as if she were a woman. we who have clipt,2
258,"it would be different if more people came,",2
259,"plucked from the death, wilt thou repay me thus?",3
260,"a spirit of unresting flame,",1
261,"the present is enough, for common souls,",2
262,"hear its low inward singing,",2
263,"be sure to read it rightly. so, i mused",2
264,and keep my senses straightened,2
265,three trojans tug at ev’ry lab’ring oar;,2
266,"mind us of like repose, since god hath set",2
267,lift their blue woods in broken chain,2
268,in nothing is wanting;,2
269,but thrown in a heap with a crush and a clatter;,0
270,"and kissed him with a sister's kiss,",2
271,"""thou of the god-lent crown,",2
272,like pageantry of mist on an autumnal stream.,2
273,"and she said: ""what dost thou, brynhild? what matter dost thou seek?""",2
274,or the bolder art essaying,2
275,"thither, if but to prie, shall be perhaps",2
276,o'er sweet profounds where only love can see.,1
277,"he smell de bacon cookin', an' he hyeah de fiah hum;",2
278,came in slow pomp;--the moving pomp might seem,2
279,"with peace and soft rapture shall teach life to glow,",1
280,but thy tranquil waters teach,1
281,"smoothing the clustered hair, and parting it",2
282,"in all that clang and hewing out of men,",2
283,"her scutcheon shows white with a blazon of red,--",2
284,"looks, and is dumb with awe;",3
285,"then oer the rushes flies again,",2
286,"a thousand rubs had flattened down each little cherub's nose,",2
287,"a fragrance from the cedars, thickly set",2
288,of bright and dark obscurity;,3
289,"science and song, and all the arts that please;",1
290,"you turn, o jeanne, on our mystery",2
291,a graciousness in giving that doth make,1
292,most beauteous isadore!,1
293,whose instinct was to listen and obey.,2
294,but homesick tears would fill the eyes,0
295,"already, land! thou hast declared:  'tis done.",1
296,with war unhop’d the latians to surprise?,2
297,"the eyes beside had wrung them dry,",2
298,tis the chronicle of art.,2
299,"that moved in the beginning o'er his face,",2
300,and glance securely round.,2
301,so that ye for them are made,2
302,of course throw monstrous shadows: those who think,0
303,he who plays with old iagoo,2
304,“why won’t the farm next to it do for you?”,2
305,"on which an army once did feast,",2
306,their country free and joyous--,1
307,o sun-hint that hath overspread,2
308,"the mad briareus of disunion rise,",0
309,"like your nest,",2
310,"leading downward to the river,",2
311,a tyrian colony; the people made,2
312,can storied urn or animated bust:,2
313,"but she spake: ""bid hither gunnar, lest the sun sink o'er the bent,",2
314,despised am i by those who call'd me friend,3
315,the days pass over me,2
316,"knowing this, that never yet",2
317,"no, i won't be seein' nobody in the mornin',",2
318,the crack as of her splitting. did she take,2
319,"i see them torn by gallic guns,",0
320,"thou feel'st it burning, in and in,--and fear",0
321,your paynim heroes faster ride,1
322,but all of them are bad enough,0
323,"_you_ took to follerin' where the prophets beckoned,",2
324,godminster? is it fancy's play?,2
325,so that my stern resolve was almost gone.,2
326,"meekly in the eternal footsteps trod,",2
327,"all along down ""injin crik?""",2
328,look down the shining peaks of all my days,1
329,the wood giant,2
330,"tinkle, tinkle, sweetly it sung to us,",1
331,"has it become to thee a labyrinth never ending,",0
332,"on her changed world of ruin, waste and wrack,",0
333,"then along the river strand,",2
334,"these are the tales, or new or old,",2
335,"for her this rhyme is penned, whose luminous eyes,",1
336,like morning glory,1
337,"the quavering thunder thereupon had ceas'd,",3
338,"to men below,",2
339,they had not set there. who had set it there?,2
340,kneeling ne'er spoiled silk stockings; quit thy state;,0
341,"sometime, when all life's lessons have been learned,",2
342,shine knightly star and plume of snow?,1
343,"he said; and while he spoke, with flying speed",2
344,"from earth, with the waters of pain.",0
345,sent by an hand unseen;,2
346,till after-poets only knew,2
347,to his aid the strong reverses,2
348,"and leave the words unspoken i yet have will to speak.""",2
349,"the tablet telling where he ""fell on sleep,""--",2
350,is writ in moods and frowns and wrinkles strange.,0
351,"so there on an eve is sigurd in the ancient niblung hall,",2
352,"good ringers, pull your best,"" quoth he.",1
353,to gather weeds in the regardless stream.,2
354,and the lure of what is called heaven is little or nothing to me.,3
355,me up like that.  'essence de la valliere'--,2
356,"but when i read of the brotherhood of lovers, how it was with them;",2
357,all these were round my steady paces.,2
358,fearless but weary to thy arms i creep;,3
359,those cobweb nerves he could not dull within.,0
360,"with dews of tropic morning wet,",2
361,"here those that in the rapid course delight,",1
362,‘received that cheque.’ but you!... i send you funds,2
363,and never be forgot in mighty rome,1
364,"fooled with your promises,",0
365,thy mission to a world of woe.,0
366,attend your brother to the stygian flood.”,2
367,less often man--the harder of the two.,2
368,"shining and shouting each to each that place),",2
369,and call that brilliant flower the painted cup.,1
370,"a privilege, i think,",2
371,our frowning foemen of the night,0
372,"of sainthood in purple the pattern and pick,",2
373,and bright in heaven's jewelled crown,1
374,"when, dreadful to behold, from sea we spied",0
375,"halcyons of memory,",1
376,hale as the morn and happy as her song.,1
377,and catered for it as the cretan bees,2
378,"some moment, nailed on sorrow's cross,",0
379,"and in the air, her new voice luting soft,",1
380,with sincerest conviction their chairs to the shore;,1
381,my prayer away i threw;,2
382,"an old smoaked blanket arches oer his head,",2
383,the sundown's golden trail?,1
384,"far, far away, o ye",2
385,"our saxon tongue has known,--",2
386,"“the nymph, who scatters flaming fires around,",0
387,"thus farr to try thee, adam, i was pleas'd,",1
388,swifter far than youth's delight--,1
389,"all autumn pil'd, though spring and autumn here",2
390,"for 'twas e'en as a great god's slaying, and they feared the wrath of the sky;",0
391,"but heaven in thy creation did decree,",2
392,and i've been like that silly girl.,0
393,"burns in thee, child?--what good can thee betide,",2
394,"skins of otter, lynx, and ermine,",2
395,to make a body curse.,0
396,"no, no, you have dismiss'd me; and i go",2
397,"and full of wonder, full of hope as he.",1
398,were murmuring on the stifling air,0
399,"how poor these pallid phrases seem,",0
400,"‘these monsters, set out in the open sun,",0
401,"before the saintly soul, whose human will",1
402,and on her ample square from side to side,2
403,"and hold the hours as joshua stayed the sun,--",2
404,"he scarce had ended, when those two approachd",2
405,"blindness like that would scare the mole and bat,",0
406,"did from the altar steal a smouldering brand,",0
407,"""he whose lot hath been",2
408,"our present, our past, our to be,",2
409,"now rise and look upon me.""  and she rose,",2
410,came sages urging on his foamy steed:,2
411,"is beaten by the winds, with foggy vapours bound.",0
412,"and finde thee knowing not of beasts alone,",2
413,"apple-blossoms pink, and low",2
414,"pride of thy sex, miss harriet martineau!",1
415,"we’ll say instead, the inconsequent creature, man,—",2
416,until the bitter summons fell--,0
417,with level wings swinging,2
418,"lift not your hands in the banded war,",2
419,"would my heart and life flow onward, deathward, through this dream of",3
420,"but de lawd is all aroun' you,",2
421,"in slumber; for thine enemy never sleeps,",0
422,to hold it fast.,2
423,"tain't the words alone, but feelin's,",2
424,"no angry bolt, but harmless flame.",3
425,the beauty and the joy of their renewed might.,1
426,"oh, those days, so sweet, so happy,",1
427,if men are always at a loss,0
428,"they were wet, and glistened with raindrops, shed",2
429,and circling wonders fill the vast profound.,1
430,"the love that lived through all the stormy past,",3
431,"but it is not enough, ah! not enough",2
432,the pyramids have risen.,2
433,"""play uppe, play uppe, o boston bells!",1
434,"is plain, thou say'st: but wherefore god this way",2
435,"to rise upon some other shore,",2
436,"at dusk of eve,",2
437,"and then, as is my wont, i told",2
438,with warning cough and threatening wheeze,0
439,"who had my mother's servant been,",2
440,"daily struggling, though unloved and lonely,",0
441,"there's a certain slant of light,",2
442,honour to the old bow-string!,1
443,fall again.,2
444,"love, on myriad lips fairer than yours, kisses you could not give! . . .",3
445,how heavy it seemed! as heavy as a stone;,0
446,"concerning him ye wot of, thus to think",2
447,"thou too art victor, rochambeau!",1
448,"when thou hadst overcome the sharpness of death, thou didst open the kingdom of heaven to all believers.",3
449,"and wit, like ocean, rose and fell?--",3
450,"how they had waited for him, to complete",2
451,heart as though with ashes blending;,0
452,and give a meaning to their lives; and still,2
453,along the track. afore the noonday meal,2
454,but descend to the ocean again.,2
455,and yet its whole career,2
456,when waves forget to roll.,2
457,"i see two boats with nets, lying off the shore of paumanok, quite still;",2
458,"rais’d on the seas, the surges to control—",2
459,"passing to lap thy waters, crushed the flower",0
460,"ay, knelt and worshipped on, as love in beauty's bower,",1
461,the tale is one of distant skies;,2
462,"the herded wolves, bold only to pursue;",2
463,would we were bidden with the rest!,2
464,feel the pulses of the brave,1
465,"sparked a ruby through its heart,",1
466,"from the overhanging branches,",2
467,"i see them mix'd with george's sons,",2
468,"i watch you in your crystal sphere,",2
469,daih 's de ho'n a blowin'!,2
470,to teach in schools of little country towns,2
471,"listening, with half-suspended breath,",2
472,beneath thy gracious feet!,1
473,"his hand the captive's fetters broke,",0
474,did this wood come floating thick,2
475,and confessors betwixt.,2
476,"his boundless gulfs and built his shore, thy breath,",2
477,"a hundred years, and fifty more, had spread their leaves and snows,",2
478,and yet perhaps you had been startled less,2
479,"and say, ‘fie, pale-face! are you english girls",2
480,"at length they turn to nothing else but down,",2
481,"and, waking, find it vision,--none the less",2
482,"here on the street as strangers do,",2
483,it is but three times thou hast set thine eyes,2
484,"behind the heads of children) compliments,",2
485,"pulled by mules dat run like rabbits, each one tryin' to git ahead.",2
486,"unclasped the rusty belt beneath,",2
487,you heard the news from vincent carrington.,2
488,"got the ill name of augurs, because they were bores, —)",0
489,"sire, son, and grandson; so the century glides;",2
490,"but she guesses he is near,",2
491,"and so,",2
492,"and tender thoughts, and prayers, remains,",1
493,"then thro’ his breast his fatal sword he sent,",0
494,"""i mean estelle has always held the purse.""",2
495,"though books on manners are not out of print,",2
496,"so, then, without a word that might offend",2
497,"seed-field of simpler manners, braver truth,",1
498,"the pain when it did live,",0
499,"busy, with sacerdotal tailorings",2
500,"upon whose boughs were wicker cages hung,",2
501,"soft, discontented eyes!",0
502,she still must keep the locket to allay,2
503,and the rude people rage with ignorant cries,0
504,skirting the stream.,2
505,"""o lord, that didst smother mankind in thy flood,",0
506,"the silence, and the rain.",2
507,"is this a time to be cloudy and sad,",0
508,"blood-dipped arrows, which savages make",0
509,i think i'll just call up my wife and tell her,2
510,the moon and the stars were anxious,0
511,they shaped our future; we but carve their names.,2
512,"nor the president in his presidency, nor the rich in his great house.",3
513,"in our embraces we again enfold her,",1
514,robe us once more in heaven-aspiring creeds,1
515,"in the twilight of age all things seem strange and phantasmal,",0
516,back to its mansion call the fleeting breath?,2
517,the very gods arising mid their carven images:,2
518,"ah! still, methinks, i hear them calling;",2
519,a wild and stormy sea;,0
520,"""sir, ye shall find him, if ye follow up",2
521,tis the djinns' wild streaming swarm,2
522,how many times we must have met,2
523,"dark with more clouds than tempests are,",0
524,then the smile from her bright eyes faded and a flush came over her cheek,3
525,lowly and soft she said it; but spake out louder now:,2
526,"the sower scatters broad his seed,",2
527,"and thus each tint or shade which falls,",2
528,the dust of half a century lies,2
529,above the myriad roofs and spires rise;,2
530,and they whispered to each other:,2
531,then he stripped the shirt of wampum,2
532,"at least if so we can, and by the head",2
533,"here comes the cripple jane!""  and by a fountain's side",0
534,to me that time did not appeire:,2
535,"so neighbour'd to him, and yet so unseen",2
536,the wondering rabbi sought the temple's gate.,2
537,"are angel faces, silent and serene,",1
538,ef zeke had be'n the bigges' man,2
539,and when i bade the dream,2
540,"and tip with feathers, orange and green,",2
541,"or at the church, she ever bore herself",2
542,"how nature to the soul is moored,",2
543,"""rubadub! rubadub! wake and take the road again,",2
544,i do not keer a jot;,2
545,"swifter was the hunter's rowing,",1
546,let the scared dreamer wake to see,2
547,"(like essence-peddlers) thet'll make folks long to be without 'em,",2
548,"as if we guessed what hers have been,",2
549,which goaded him in his distress,0
550,"o so many, many, many",2
551,"lord, remember me!""",2
552,"far from the woods where, when the sun has set,",2
553,abloom by sacred streams,1
554,"nathless, as hath been often tried,",2
555,"i feel the road unroll,",2
556,"and not be nearer therefore to the moon,",2
557,"forelaid and taken, while he strove in vain",0
558,"and country eyes, and quiet faces --",2
559,"some come ridin' in top-buggies wid de w'eels all painted red,",2
560,when blighting was nearest.,0
561,i can see how you might. but i don't know!,2
562,"the orchestra had cheered till they were hoarse,",3
563,pillars by madness multiplied;,0
564,"""now the place where the accident occurred----""",2
565,"a poet in his youth, and the cuckoo-bird",2
566,"no rest that throbbing slave may ask,",0
567,o'er time's delusive tide.,0
568,“i’m going to put you on the farm next to it.”,2
569,no word for a while spake regin; but he hung his head adown,0
570,"""he!  patron!",2
571,"three lives, three strides, three foot-prints in the sand;",2
572,"till they have told their fill, could scarce express",2
573,the morning and the evening made his day.,2
574,"""stella, see that grasshopper",2
575,"of blooming myrtle and faint lemon-flowers,",2
576,"let us do our work as well,",2
577,"we hear our mother call from deeps of time,",2
578,of brynhilda's love and the wrath of gudrun.,3
579,who digs last year's potato hill?--,2
580,"those hours the ancient timepiece told,--",2
581,"would split, for size of me.",2
582,in just the dress his century wore;,2
583,"his song, though very sweet, was low and faint,",3
584,then to tell.,2
585,my winter sports begin.,2
586,"envy and calumny and hate and pain,",0
587,"the play is done,--the curtain drops,",2
588,and murmured a strange and solemn air;,0
589,"the cloud is gone that wove the sandstone,",2
590,"i see little and large sea-dots, some inhabited, some uninhabited;",2
591,time never did assuage;,2
592,that saw the cross without the bear.,2
593,the deer invites no longer,2
594,taught by the sorrows that his age had known,0
595,like slippers after shoes.--,2
596,and willing grow old,2
597,"to paris, and you make no sign at all.",2
598,"from the pulpit read the preacher, ""goodman garvin and his wife",2
599,"even hearts estranged would turn once more to me,",3
600,"the china dustless, the keen knife-blades bright,",1
601,"was in cremona's workshops made,",2
602,an honest tongue may drop a harmless hint.,1
603,"you shall not find the sons of atreus here,",2
604,to intercept the sunshine and your face.,2
605,playmates' glad symphony.,1
606,"her lion-port, her awe-commanding face,",1
607,my father’s sister started when she caught,2
608,how you sprang! how you threw off the costumes of peace with indifferent hand;,3
609,"these fly to the heavens--their course never ends,",2
610,not in the close successive rattle,2
611,"a man in the wars delighting, blind-eyed through right and wrong:",3
612,"--so they feast in the hall of atli, and that eve is the first of the seven.",1
613,"i turned, and saw behind me surge",2
614,to turnus only second in the grace,2
615,"on winter afternoons,",2
616,"their heads, distilling gore, his chariot grace.",3
617,"let sophists give the lie, hearts droop, and courtiers play the worm,",0
618,"they say that 'time assuages,' --",2
619,the story of a spavined steed;,2
620,"swifter far than happy night,",1
621,"around my will to link it with her own,",2
622,"in the worst of his poems are mines of rich matter,",3
623,"upon sea-beaten cape,",2
624,"by a great master of the past,",1
625,"counts his nectars -- enters,",2
626,all over the vale below.,2
627,while with thy childlike faith we lean,2
628,and to the tender heart and brave,1
629,"a wagon, overarched with evergreen,",2
630,"upon her sister dear,",2
631,"""before god, sir, i vow, when you are gone,",2
632,"“acca, ’tis past! he swims before my sight,",2
633,"east, west, north, south, are his domain.",2
634,"with the earls of the goths about her: so queenly did she seem,",1
635,with spring’s delicious trouble in the ground,3
636,"they are fastened well, nom d'un chien!",2
637,"the fraud of priests, the wrong of law,",0
638,"""a quick consumption, that no art could cure!",2
639,around thy place of slumber glowing!,1
640,"love works at the centre,",2
641,obliterate the etchings,0
642,of nature's gold and mints it.,2
643,"shall dwindle, shall blend,",2
644,and leaves the world to darkness and to me.,0
645,"a story of the days of old,",2
646,"he bent and kissed her head, warm, shining, soft,",1
647,"and she passed out between the blessed things,",3
648,"""how to observe"" is what thy pages show,",2
649,"that satraps would have shivered at his frown,",0
650,"dey kin talk from hyeah to yandah,",2
651,"by his sacrifice, foreknown",2
652,"first, he mused what the animal substance or herb is",2
653,"harsh, featureless, and rude, barrenly perish:",0
654,three banks in three degrees the sailors bore;,2
655,"and that unrest which men miscall delight,",3
656,and friendship's tenderest sympathy,1
657,her eye proclaims her of the briton line:,2
658,"in a dell mid lawny hills,",2
659,"that thou should'st smile again?""--the evening came,",2
660,"eliab this occasion seized,",2
661,"and changing like a poet's rhymes,",2
662,my breast was calm as summer's sea,1
663,oblivion's blankness claims,0
664,"when your rights was our wrongs, john,",3
665,godminster chimes,2
666,nothin' to du but watch my shadder's trace,2
667,mere raft of stone;,2
668,"a spirit, neither here nor there,",2
669,"tormented by the quickened blood of roots,",0
670,"and then, to go to sleep;",2
671,"with passionate longing burning,",1
672,"where the cloudy hangings waver and the flickering shadows fall,",0
673,were i once more the lover,2
674,"even while we gaze, though it awhile avail",2
675,"well, i guess i looked at that hand",2
676,"a man may see the moon so, in a pond,",2
677,"ah, soul of mine! so brave and wise",1
678,"the oriole in the elm; the noisy jay,",2
679,"left the torn human heart, their food and dwelling-place.",0
680,"once upon a time, i lay",2
681,still is my heart and vacant is my breath--,2
682,with sharp turns weaving,2
683,"flew to and fro,",2
684,here on the cliff beneath the oleanders,2
685,his pass to the majestical far shore.,1
686,"and virtue's bright image, enstamped on the mind,",1
687,"then he said ""amarant""; and the damsel drew",2
688,inexorable death; and claims his right.,0
689,"trailing, wrecked, it came to land,",0
690,...    and call to him.,2
691,how seen? how known? as through your glass,2
692,"(so thick they crowd), 'tis hardly seen.",2
693,"we were content to show,",2
694,"young childhood, with a moisten'd eye,",2
695,"dead among the shouting people,",0
696,"on their tracks his eyes were fastened,",2
697,"darling, the merciful father",1
698,bird that from the nadir's floor,2
699,to touch such goodness with a grimy palm.,3
700,"the willows, and the hazel copses green,",2
701,the likeness of the wood's remembered leaves.,2
702,"his days in peace; but his straight lips were bent,",3
703,for vessels moulded by a mortal hand?,2
704,"from the slaughtering of my offspring, and the spoiling of my land;",0
705,"what i have heard,",2
706,but laon? on high freedom's desert land,2
707,"the soul with sweetness, and like an adept",1
708,"on that shaded day,",2
709,no answer came; but faint and forlorn,0
710,the lady eunice such a life she flew,2
711,and heavy as the dead.,0
712,i would not live alway--live alway below!,2
713,for suddenly the sweet bells overcame,1
714,yon creamy lily for their pavilion,2
715,a woman has been strangled with less weight:,0
716,"appeared to me,--may i again behold it!",2
717,"howled through the dark, like sounds from hell.",0
718,make a fragrance of her fame.,1
719,"betrayed how mightily its heart was stirred,",3
720,"overleaning, with flickering meaning and sign,",2
721,"thy outward thus with outward praise is crowned,",1
722,troubling with life the waters of the world.,0
723,no man could compete with kwasind.,2
724,that by nor sound nor word,2
725,when our mother nature laughs around;,1
726,"from kindling spark struck out from dead king's brow,",3
727,"and the words which he utters, are--worship, or die!",0
728,"precisely, at all events, what he ought not,",2
729,rang the beautiful wild chimes,1
730,"first feels the gathering head of steam,",2
731,"the weird pathetic scarlet of day dawning,",0
732,and to thy brief captivity was brought,2
733,and listening to thy home's familiar chime,2
734,"sometimes towards heav'n and the full-blazing sun,",1
735,"all right,' says t'other, 'only step round smart;",2
736,"grander, nobler, than that pilot",1
737,"dearest, why should i mourn, whimper, and whine, i that have yet to live?",3
738,"in every health we drink, my boys,",2
739,but your dead-ripe ones ranges high fer treatin' nothun bretherin;,0
740,"where holds the soul communion with its god,",2
741,so runs the perfect cycle of the year.,1
742,"the limpid ocean mirrors all the stars,",1
743,ashes and jet all hues outshine.,1
744,many changes have been run,2
745,as childhood's sweet delight.,1
746,"""it is a lie, a damned, infernal lie!""",0
747,bred onely and completed to the taste,2
748,and after that the winter cold and drear.,0
749,"thus hee in scorn. the warlike angel mov'd,",0
750,what flecks the outer gray beyond,2
751,"""does he mean himself, i wonder?",2
752,"lull’d in her lap, amidst a train of loves,",1
753,come up like ocean murmurs. but the scene,2
754,and in a pleasing slumber seals his eyes:,1
755,sweet poesy from heaven,1
756,"o, i can ne'er forget",2
757,"the leprous corpse, touched by this spirit tender,",3
758,"ambrosial odours and ambrosial flowers,",2
759,his sweeter voice a just accordance kept.,1
760,"false-faces hung on strings,",0
761,that in their lives such deadly fray they ne'er had seen before.,0
762,her not-nice load.,0
763,"unhitched the breeching from a shaft,",2
764,tis that one told us it was life. 'for not,2
765,who fishes in the frog-pond still?,2
766,"""as the gods would i see,"" said sigurd, ""though death light up the land.""",3
767,"which leans over to the lane,",2
768,"you hardly know when you are coming back,",2
769,"but the great spirit plants it in our hearts,",2
770,"nor is he, as some sages swear,",2
771,"of his faint steed; the latter, as he stretch’d",2
772,"i strive, i pray.",1
773,who god possesseth,2
774,"these often bathed she in her fluxive eyes,",2
775,"that you or yours, having an appetite,",2
776,"the loveliest king of the king-folk, the man of sweetest speech,",1
777,"and fears are added, and avenging flame.",0
778,who felt your own thought worthy of record,1
779,"and then, if it should be",2
780,"ez though i wanted to enlist 'em,",2
781,"behind the sea-wall's rugged length,",2
782,how they will tell the shipwreck,2
783,tis gone past recalling!,2
784,"and stiff in fight, but serious drill's despair,",0
785,one lucent foot's delaying tip,2
786,at his approaching footsteps.  winter came,2
787,till the deaf fury comes your house to sweep!',0
788,henceforth to labor's chivalry,2
789,i'll be ther in a minit.,2
790,"but now i see, most cruell hee,",0
791,our lives and safeties all;,2
792,that little barley-cake you keep from him,2
793,our wavering apparitions pass,2
794,"and ye who attend her imperial car,",2
795,"on the clear mirror of a loving heart,",1
796,"how weak this tinkling line,",0
797,for that’s his specialty. what creature else,2
798,her thoughts are like the lotus,2
799,"thou wovest dreams of joy and fear,",3
800,"that, following this slight trace,",2
801,but now for me than you—the other way.,2
802,who wrote this modest version i suppose,2
803,--the drones of the community; they feed,2
804,the echoing sounds grow fainter and then cease;,2
805,and make the liveliest monkey melancholy.,0
806,"and, between the river flowing and the fair green trees a-growing,",1
807,"you'll not want business, for we need a lot",2
808,"still, upon a flower,",2
809,"god prosper long our noble king,",1
810,"where the moloch of slavery sitteth on high,",0
811,"leave the garden walls, where blow",2
812,it's a pretty early start.,2
813,"he takes you from your easy-chair,",2
814,accept the gift which i have wrought,2
815,long-drawn bill of wine and beer,2
816,"a crow dot sat a-squawkin', ""i's a mockin'-bird.""",2
817,"a day's experunce 'd prove to ye, ez easy 'z pull a trigger.",2
818,"euryalus stood list’ning while he spoke,",2
819,"moonstruck with love, and this still thames had heard",1
820,"yea, all the world it might be, and all sounds of the earth were stilled",2
821,as hebe's foot bore nectar round,2
822,"till, fur 'z i know, there aint an inch thet i could lay my han' on,",2
823,she listening sate.,2
824,"from alton bay to sandwich dome,",2
825,even now eclipses the descending moon!--,2
826,"some thought of me, a last fond prayer",1
827,ode read at the one hundredth anniversary of the fight at concord bridge,2
828,for wanderings sad and lone.,0
829,and my white cottage--plain.,2
830,"""onaway! my heart sings to thee,",1
831,"begins, but endeth nevermore;",2
832,"that throng our pilgrimage. its sympathy,",2
833,"valentines, paper and tinsel,",2
834,when lips and heart refuse to part again,2
835,waiting the flutter of his homemade fly;,2
836,"whereto we claim sole title by our toil,",2
837,"our hope, our remembrance, our trust,",1
838,that _she_ should walk beside him on the rocks,2
839,"far out, in peace, the white man's sail",2
840,"of the bivouac fire apart,",2
841,"such civil war is in my love and hate,",3
842,none will forget it till shall fall the deadly dart!,0
843,that antwerp monks may sing a mass for thy poor spearmen's souls.,2
844,"""sir, i have dreamed of you. i pray you, sir,",2
845,the message is not like what i have learned,2
846,the beacon-light that forth they held,2
847,"as george commands, let him be wrong or right,",2
848,"luck obeys the downright striker; from the hollow core,",2
849,"forever quivering o'er his task,",0
850,"radiant as moses from the mount, he stood",1
851,wilt thou our lowly beds with tears of pity lave?',0
852,and seek the danger i was forc’d to shun.,0
853,"where your hair from your forehead swerves,",2
854,"down the dark future, through long generations,",0
855,but she always ran away and left,0
856,with such vehement force and might,0
857,"yet both in different colours hide their art,",2
858,"his regal seat, surrounded by his friends.",1
859,"thinks i, the down lies dreaming",2
860,vain cries--throughout the streets thousands pursued,0
861,"and all their echoes, mourn;",0
862,"and what then doth he gather? if we know,",2
863,"through the salt sea foam,",2
864,does beauty slight you from her gay abodes?,3
865,yet was this period my time of joy:,1
866,"from the fair brow; she, rising, only said,",2
867,"still must mine, though bleeding, beat;",0
868,his silent sandals swept the mossy green;,2
869,"nightly down the river going,",2
870,their first-born brother as a god.,1
871,"but half the secret told,",2
872,and like the others does not slip,2
873,bedaubed with iridescent dirt.,2
874,"in town, an' not the leanest runt",0
875,"so thick, she cannot see her lover hiding,",2
876,and so i should be loved and mourned to-night.,3
877,"and _channing_, with his bland, superior look,",3
878,the head that lay against your knees,2
879,"is shorter than a snake's delay,",2
880,"sooner, augustine, sooner far, shall i",2
881,in every health we drink.,2
882,the end of the play.,2
883,"by death's frequented ways,",0
884,"how your soft opera-music changed, and the drum and fife were heard in their stead;",3
885,rejection of his humanness,0
886,"to sunset they would sip of the tea, drink of the beer, and eat of the",2
887,to his ears there came a murmur of far seas beneath the wind,2
888,"the one good man in the world who knows me, --",1
889,faint voices lifted shrill with pain,0
890,"an', fust you knowed on, back come charles the second;",2
891,in the wild glens rough shepherds will deplore,0
